domain,dimension,indicator,indCode,date,ratio,.fitted
ecological,climate change,co2_ppm,CC1,2000,0.27085714285714246,0.2542608695652171
ecological,climate change,co2_ppm,CC1,2001,0.2938571428571428,0.2855426312817615
ecological,climate change,co2_ppm,CC1,2002,0.3225714285714285,0.31682439299830567
ecological,climate change,co2_ppm,CC1,2003,0.359142857142857,0.34810615471485007
ecological,climate change,co2_ppm,CC1,2004,0.3849999999999998,0.37938791643139447
ecological,climate change,co2_ppm,CC1,2005,0.41400000000000037,0.41066967814793864
ecological,climate change,co2_ppm,CC1,2006,0.4449999999999996,0.44195143986448304
ecological,climate change,co2_ppm,CC1,2007,0.46999999999999975,0.47323320158102744
ecological,climate change,co2_ppm,CC1,2008,0.500285714285714,0.5045149632975718
ecological,climate change,co2_ppm,CC1,2009,0.5214285714285714,0.535796725014116
ecological,climate change,co2_ppm,CC1,2010,0.5537142857142856,0.5670784867306604
ecological,climate change,co2_ppm,CC1,2011,0.5804285714285713,0.5983602484472046
ecological,climate change,co2_ppm,CC1,2012,0.609285714285714,0.629642010163749
ecological,climate change,co2_ppm,CC1,2013,0.6485714285714284,0.6609237718802934
ecological,climate change,co2_ppm,CC1,2014,0.6762857142857139,0.6922055335968378
ecological,climate change,co2_ppm,CC1,2015,0.7092857142857141,0.723487295313382
ecological,climate change,co2_ppm,CC1,2016,0.758142857142857,0.7547690570299264
ecological,climate change,co2_ppm,CC1,2017,0.7888571428571431,0.7860508187464705
ecological,climate change,co2_ppm,CC1,2018,0.823,0.8173325804630149
ecological,climate change,co2_ppm,CC1,2019,0.8581428571428571,0.8486143421795593
ecological,climate change,co2_ppm,CC1,2020,0.8919999999999999,0.8798961038961037
ecological,climate change,co2_ppm,CC1,2021,0.9242857142857144,0.9111778656126481
ecological,climate change,co2_ppm,CC1,2022,0.958142857142857,0.9424596273291923
ecological,climate change,erf_wm2,CC2,2000,0.768161509,0.611282491793478
ecological,climate change,erf_wm2,CC2,2001,0.8001687689999999,0.6663909458952566
ecological,climate change,erf_wm2,CC2,2002,0.7698561690000001,0.7214993999970354
ecological,climate change,erf_wm2,CC2,2003,0.782140571,0.7766078540988142
ecological,climate change,erf_wm2,CC2,2004,0.8205395879999999,0.8317163082005927
ecological,climate change,erf_wm2,CC2,2005,0.818268351,0.8868247623023713
ecological,climate change,erf_wm2,CC2,2006,0.8360352120000001,0.9419332164041501
ecological,climate change,erf_wm2,CC2,2007,0.9071461869999999,0.9970416705059288
ecological,climate change,erf_wm2,CC2,2008,0.9894200449999999,1.0521501246077074
ecological,climate change,erf_wm2,CC2,2009,1.080128136,1.107258578709486
ecological,climate change,erf_wm2,CC2,2010,1.125213918,1.1623670328112645
ecological,climate change,erf_wm2,CC2,2011,1.1708349359999999,1.2174754869130435
ecological,climate change,erf_wm2,CC2,2012,1.192857836,1.272583941014822
ecological,climate change,erf_wm2,CC2,2013,1.305792855,1.3276923951166006
ecological,climate change,erf_wm2,CC2,2014,1.345523777,1.3828008492183796
ecological,climate change,erf_wm2,CC2,2015,1.4078618289999998,1.4379093033201582
ecological,climate change,erf_wm2,CC2,2016,1.5416202710000002,1.4930177574219368
ecological,climate change,erf_wm2,CC2,2017,1.584380082,1.5481262115237153
ecological,climate change,erf_wm2,CC2,2018,1.650136802,1.6032346656254939
ecological,climate change,erf_wm2,CC2,2019,1.647117717,1.6583431197272729
ecological,climate change,erf_wm2,CC2,2020,1.794099165,1.7134515738290514
ecological,climate change,erf_wm2,CC2,2021,1.749664805,1.76856002793083
ecological,climate change,erf_wm2,CC2,2022,1.9149676690000001,1.823668482032609
ecological,ocean acidification,omega_a,OA1,2000,-0.3420289855072468,-0.3502205419029615
ecological,ocean acidification,omega_a,OA1,2001,-0.3405797101449275,-0.3375093085868133
ecological,ocean acidification,omega_a,OA1,2002,-0.31884057971014546,-0.32479807527066495
ecological,ocean acidification,omega_a,OA1,2003,-0.3275362318840579,-0.31208684195451675
ecological,ocean acidification,omega_a,OA1,2004,-0.3072463768115945,-0.29937560863836854
ecological,ocean acidification,omega_a,OA1,2005,-0.2913043478260874,-0.28666437532222033
ecological,ocean acidification,omega_a,OA1,2006,-0.2695652173913047,-0.273953142006072
ecological,ocean acidification,omega_a,OA1,2007,-0.24202898550724605,-0.2612419086899238
ecological,ocean acidification,omega_a,OA1,2008,-0.23623188405797102,-0.2485306753737756
ecological,ocean acidification,omega_a,OA1,2009,-0.24202898550724605,-0.2358194420576274
ecological,ocean acidification,omega_a,OA1,2010,-0.22753623188405814,-0.22310820874147907
ecological,ocean acidification,omega_a,OA1,2011,-0.18985507246376776,-0.21039697542533087
ecological,ocean acidification,omega_a,OA1,2012,-0.188405797101449,-0.19768574210918266
ecological,ocean acidification,omega_a,OA1,2013,-0.19130434782608707,-0.18497450879303434
ecological,ocean acidification,omega_a,OA1,2014,-0.19130434782608707,-0.17226327547688614
ecological,ocean acidification,omega_a,OA1,2015,-0.1869565217391309,-0.15955204216073793
ecological,ocean acidification,omega_a,OA1,2016,-0.15797101449275397,-0.1468408088445896
ecological,ocean acidification,omega_a,OA1,2017,-0.1318840579710151,-0.1341295755284414
ecological,ocean acidification,omega_a,OA1,2018,-0.11014492753623195,-0.1214183422122932
ecological,ocean acidification,omega_a,OA1,2019,-0.11449275362318867,-0.10870710889614499
ecological,ocean acidification,omega_a,OA1,2020,-0.10289855072463827,-0.09599587557999678
ecological,ocean acidification,omega_a,OA1,2021,-0.07681159420289885,-0.08328464226384846
ecological,ocean acidification,omega_a,OA1,2022,-0.05217391304347818,-0.07057340894770026
ecological,chemical pollution,chemicalsMt_Hzd,CP1,2000,14.13929,14.139290000000004
ecological,chemical pollution,chemicalsMt_Hzd,CP1,2001,14.95775176470588,14.957751764705886
ecological,chemical pollution,chemicalsMt_Hzd,CP1,2002,15.776213529411766,15.77621352941177
ecological,chemical pollution,chemicalsMt_Hzd,CP1,2003,16.594675294117646,16.59467529411765
ecological,chemical pollution,chemicalsMt_Hzd,CP1,2004,17.413137058823526,17.413137058823533
ecological,chemical pollution,chemicalsMt_Hzd,CP1,2005,18.231598823529417,18.231598823529414
ecological,chemical pollution,chemicalsMt_Hzd,CP1,2006,19.050060588235297,19.050060588235297
ecological,chemical pollution,chemicalsMt_Hzd,CP1,2007,19.86852235294118,19.868522352941177
ecological,chemical pollution,chemicalsMt_Hzd,CP1,2008,20.68698411764706,20.68698411764706
ecological,chemical pollution,chemicalsMt_Hzd,CP1,2009,21.50544588235294,21.505445882352944
ecological,chemical pollution,chemicalsMt_Hzd,CP1,2010,22.323907647058824,22.323907647058824
ecological,chemical pollution,chemicalsMt_Hzd,CP1,2011,23.142369411764708,23.142369411764705
ecological,chemical pollution,chemicalsMt_Hzd,CP1,2012,23.96083117647059,23.96083117647059
ecological,chemical pollution,chemicalsMt_Hzd,CP1,2013,24.779292941176475,24.77929294117647
ecological,chemical pollution,chemicalsMt_Hzd,CP1,2014,25.597754705882355,25.597754705882352
ecological,chemical pollution,chemicalsMt_Hzd,CP1,2015,26.416216470588235,26.416216470588235
ecological,chemical pollution,chemicalsMt_Hzd,CP1,2016,27.23467823529412,27.23467823529412
ecological,chemical pollution,chemicalsMt_Hzd,CP1,2017,28.05314,28.05314
ecological,nutrient pollution,phosphorusMt,NP1,2000,1.1853687816901406,1.235553873622167
ecological,nutrient pollution,phosphorusMt,NP1,2001,1.2731071197183095,1.306953136923119
ecological,nutrient pollution,phosphorusMt,NP1,2002,1.3608454577464784,1.3783524002240708
ecological,nutrient pollution,phosphorusMt,NP1,2003,1.4485837957746477,1.449751663525023
ecological,nutrient pollution,phosphorusMt,NP1,2004,1.536322133802817,1.5211509268259746
ecological,nutrient pollution,phosphorusMt,NP1,2005,1.6240604718309855,1.5925501901269268
ecological,nutrient pollution,phosphorusMt,NP1,2006,1.6920698760563377,1.663949453427879
ecological,nutrient pollution,phosphorusMt,NP1,2007,1.76007928028169,1.7353487167288306
ecological,nutrient pollution,phosphorusMt,NP1,2008,1.8280886845070419,1.8067479800297828
ecological,nutrient pollution,phosphorusMt,NP1,2009,1.8960980887323942,1.8781472433307345
ecological,nutrient pollution,phosphorusMt,NP1,2010,1.964107492957746,1.9495465066316866
ecological,nutrient pollution,phosphorusMt,NP1,2011,2.0278288563380276,2.0209457699326387
ecological,nutrient pollution,phosphorusMt,NP1,2012,2.0915502197183096,2.0923450332335904
ecological,nutrient pollution,phosphorusMt,NP1,2013,2.155271583098591,2.1637442965345426
ecological,nutrient pollution,phosphorusMt,NP1,2014,2.2189929464788736,2.2351435598354943
ecological,nutrient pollution,phosphorusMt,NP1,2015,2.2827143098591547,2.3065428231364464
ecological,nutrient pollution,phosphorusMt,NP1,2016,2.3670291338028164,2.3779420864373986
ecological,nutrient pollution,phosphorusMt,NP1,2017,2.4513439577464786,2.4493413497383503
ecological,nutrient pollution,phosphorusMt,NP1,2018,2.5356587816901404,2.520740613039302
ecological,nutrient pollution,phosphorusMt,NP1,2019,2.6199736056338025,2.592139876340254
ecological,nutrient pollution,phosphorusMt,NP1,2020,2.7042884295774647,2.6635391396412063
ecological,nutrient pollution,phosphorusMt,NP1,2021,2.720886043661971,2.7349384029421584
ecological,nutrient pollution,phosphorusMt,NP1,2022,2.7374836577464783,2.80633766624311
ecological,nutrient pollution,nitrogenMt,NP2,2000,1.1329559887096776,1.1239285270511923
ecological,nutrient pollution,nitrogenMt,NP2,2001,1.1763496416129033,1.1704120423492288
ecological,nutrient pollution,nitrogenMt,NP2,2002,1.2197432945161295,1.2168955576472653
ecological,nutrient pollution,nitrogenMt,NP2,2003,1.2631369474193548,1.2633790729453018
ecological,nutrient pollution,nitrogenMt,NP2,2004,1.3065306003225805,1.309862588243338
ecological,nutrient pollution,nitrogenMt,NP2,2005,1.3499242532258067,1.3563461035413744
ecological,nutrient pollution,nitrogenMt,NP2,2006,1.3968496387096776,1.402829618839411
ecological,nutrient pollution,nitrogenMt,NP2,2007,1.443775024193548,1.4493131341374474
ecological,nutrient pollution,nitrogenMt,NP2,2008,1.4907004096774195,1.495796649435484
ecological,nutrient pollution,nitrogenMt,NP2,2009,1.5376257951612904,1.5422801647335205
ecological,nutrient pollution,nitrogenMt,NP2,2010,1.5845511806451613,1.588763680031557
ecological,nutrient pollution,nitrogenMt,NP2,2011,1.6330003841935485,1.635247195329593
ecological,nutrient pollution,nitrogenMt,NP2,2012,1.6814495877419362,1.6817307106276296
ecological,nutrient pollution,nitrogenMt,NP2,2013,1.7298987912903225,1.728214225925666
ecological,nutrient pollution,nitrogenMt,NP2,2014,1.7783479948387098,1.7746977412237026
ecological,nutrient pollution,nitrogenMt,NP2,2015,1.826797198387097,1.8211812565217391
ecological,nutrient pollution,nitrogenMt,NP2,2016,1.8730791703225806,1.8676647718197756
ecological,nutrient pollution,nitrogenMt,NP2,2017,1.9193611422580648,1.9141482871178122
ecological,nutrient pollution,nitrogenMt,NP2,2018,1.9656431141935484,1.9606318024158487
ecological,nutrient pollution,nitrogenMt,NP2,2019,2.011925086129032,2.0071153177138847
ecological,nutrient pollution,nitrogenMt,NP2,2020,2.058207058064516,2.0535988330119213
ecological,nutrient pollution,nitrogenMt,NP2,2021,2.0963467496774193,2.1000823483099578
ecological,nutrient pollution,nitrogenMt,NP2,2022,2.1344864412903224,2.1465658636079943
ecological,freshwater disruption,blueDev,FD1,2000,0.7476520196078436,0.7939232838468728
ecological,freshwater disruption,blueDev,FD1,2001,0.827392901960784,0.786946241549954
ecological,freshwater disruption,blueDev,FD1,2002,0.8629825686274508,0.7799691992530351
ecological,freshwater disruption,blueDev,FD1,2003,0.7347985294117649,0.772992156956116
ecological,freshwater disruption,blueDev,FD1,2004,0.6629319411764707,0.7660151146591971
ecological,freshwater disruption,blueDev,FD1,2005,0.8231261078431371,0.7590380723622783
ecological,freshwater disruption,soilDev,FD2,2000,0.3904614954954957,0.39685577322822807
ecological,freshwater disruption,soilDev,FD2,2001,0.47483712612612616,0.4220747615229514
ecological,freshwater disruption,soilDev,FD2,2002,0.4267586126126126,0.4472937498176748
ecological,freshwater disruption,soilDev,FD2,2003,0.4433215225225229,0.4725127381123979
ecological,freshwater disruption,soilDev,FD2,2004,0.44278202702702707,0.49773172640712127
ecological,freshwater disruption,soilDev,FD2,2005,0.5635101081081082,0.5229507147018446
ecological,freshwater disruption,soilDev,FD2,2006,0.5162488288288289,0.548169702996568
ecological,freshwater disruption,soilDev,FD2,2007,0.5329676675675676,0.5733886912912913
ecological,freshwater disruption,soilDev,FD2,2008,0.6613323171171173,0.5986076795860145
ecological,freshwater disruption,soilDev,FD2,2009,0.7078766801801804,0.6238266678807378
ecological,freshwater disruption,soilDev,FD2,2010,0.6825824288288289,0.6490456561754612
ecological,freshwater disruption,soilDev,FD2,2011,0.6406520603603605,0.6742646444701845
ecological,freshwater disruption,soilDev,FD2,2012,0.6047051792792797,0.6994836327649079
ecological,freshwater disruption,soilDev,FD2,2013,0.778263081981982,0.724702621059631
ecological,freshwater disruption,soilDev,FD2,2014,0.7345312333333334,0.7499216093543546
ecological,land conversion,forestAreaMKM2,LC1,2000,0.5442978991859739,0.5449730296524595
ecological,land conversion,forestAreaMKM2,LC1,2001,0.547352402003757,0.5478752234370718
ecological,land conversion,forestAreaMKM2,LC1,2002,0.5504069098309328,0.5507774172216844
ecological,land conversion,forestAreaMKM2,LC1,2003,0.5534614182842827,0.5536796110062967
ecological,land conversion,forestAreaMKM2,LC1,2004,0.5565159261114587,0.556581804790909
ecological,land conversion,forestAreaMKM2,LC1,2005,0.5595704289292427,0.5594839985755216
ecological,land conversion,forestAreaMKM2,LC1,2006,0.5626249367564184,0.5623861923601339
ecological,land conversion,forestAreaMKM2,LC1,2007,0.5656794452097684,0.5652883861447462
ecological,land conversion,forestAreaMKM2,LC1,2008,0.5687339474013775,0.5681905799293587
ecological,land conversion,forestAreaMKM2,LC1,2009,0.5717884558547273,0.571092773713971
ecological,land conversion,forestAreaMKM2,LC1,2010,0.5748429636819032,0.5739949674985834
ecological,land conversion,forestAreaMKM2,LC1,2011,0.577491852222918,0.5768971612831959
ecological,land conversion,forestAreaMKM2,LC1,2012,0.5801428597370071,0.5797993550678082
ecological,land conversion,forestAreaMKM2,LC1,2013,0.5827938735128364,0.5827015488524205
ecological,land conversion,forestAreaMKM2,LC1,2014,0.5854448816530993,0.5856037426370331
ecological,land conversion,forestAreaMKM2,LC1,2015,0.5880958891671888,0.5885059364216454
ecological,land conversion,forestAreaMKM2,LC1,2016,0.5910406111458983,0.5914081302062577
ecological,land conversion,forestAreaMKM2,LC1,2017,0.5939853274890421,0.5943103239908702
ecological,land conversion,forestAreaMKM2,LC1,2018,0.596930043206011,0.5972125177754826
ecological,land conversion,forestAreaMKM2,LC1,2019,0.5998747651847214,0.6001147115600949
ecological,land conversion,forestAreaMKM2,LC1,2020,0.6028194809016909,0.6030169053447074
ecological,biodiversity breakdown,extinction1900,BB1,2000,9,9
ecological,biodiversity breakdown,extinction1900,BB1,2001,9,9
ecological,biodiversity breakdown,extinction1900,BB1,2002,9,9
ecological,biodiversity breakdown,extinction1900,BB1,2003,9,9
ecological,biodiversity breakdown,extinction1900,BB1,2004,9,9
ecological,biodiversity breakdown,extinction1900,BB1,2005,9,9
ecological,biodiversity breakdown,extinction1900,BB1,2006,9,9
ecological,biodiversity breakdown,extinction1900,BB1,2007,9,9
ecological,biodiversity breakdown,extinction1900,BB1,2008,9,9
ecological,biodiversity breakdown,extinction1900,BB1,2009,9,9
ecological,biodiversity breakdown,extinction1900,BB1,2010,9,9
ecological,biodiversity breakdown,extinction1900,BB1,2011,9,9
ecological,biodiversity breakdown,extinction1900,BB1,2012,9,9
ecological,biodiversity breakdown,extinction1900,BB1,2013,9,9
ecological,biodiversity breakdown,extinction1900,BB1,2014,9,9
ecological,biodiversity breakdown,extinction1900,BB1,2015,9,9
ecological,biodiversity breakdown,extinction1900,BB1,2016,9,9
ecological,biodiversity breakdown,extinction1900,BB1,2017,9,9
ecological,biodiversity breakdown,extinction1900,BB1,2018,9,9
ecological,biodiversity breakdown,extinction1900,BB1,2019,9,9
ecological,biodiversity breakdown,extinction1900,BB1,2020,9,9
ecological,biodiversity breakdown,extinction1900,BB1,2021,9,9
ecological,biodiversity breakdown,extinction1900,BB1,2022,9,9
ecological,biodiversity breakdown,hanppGtC,BB2,2000,1.6118067978533093,1.6118067978533102
ecological,biodiversity breakdown,hanppGtC,BB2,2001,1.631484794275492,1.6314847942754924
ecological,biodiversity breakdown,hanppGtC,BB2,2002,1.6511627906976747,1.6511627906976751
ecological,biodiversity breakdown,hanppGtC,BB2,2003,1.670840787119857,1.6708407871198574
ecological,biodiversity breakdown,hanppGtC,BB2,2004,1.6905187835420392,1.69051878354204
ecological,biodiversity breakdown,hanppGtC,BB2,2005,1.710196779964222,1.7101967799642224
ecological,biodiversity breakdown,hanppGtC,BB2,2006,1.7298747763864042,1.729874776386405
ecological,biodiversity breakdown,hanppGtC,BB2,2007,1.749552772808587,1.7495527728085873
ecological,biodiversity breakdown,hanppGtC,BB2,2008,1.7692307692307692,1.76923076923077
ecological,biodiversity breakdown,hanppGtC,BB2,2009,1.7889087656529519,1.7889087656529523
ecological,biodiversity breakdown,hanppGtC,BB2,2010,1.8085867620751341,1.808586762075135
ecological,biodiversity breakdown,hanppGtC,BB2,2011,1.8282647584973168,1.8282647584973173
ecological,biodiversity breakdown,hanppGtC,BB2,2012,1.847942754919499,1.8479427549195
ecological,biodiversity breakdown,hanppGtC,BB2,2013,1.8676207513416818,1.8676207513416823
ecological,biodiversity breakdown,hanppGtC,BB2,2014,1.887298747763864,1.8872987477638645
ecological,biodiversity breakdown,hanppGtC,BB2,2015,1.9069767441860468,1.9069767441860472
ecological,biodiversity breakdown,hanppGtC,BB2,2016,1.926654740608229,1.9266547406082295
ecological,biodiversity breakdown,hanppGtC,BB2,2017,1.9463327370304113,1.9463327370304122
ecological,biodiversity breakdown,hanppGtC,BB2,2018,1.9660107334525945,1.9660107334525945
ecological,biodiversity breakdown,hanppGtC,BB2,2019,1.9856887298747767,1.9856887298747772
ecological,biodiversity breakdown,hanppGtC,BB2,2020,2.005366726296959,2.0053667262969594
ecological,air pollution,interhemAOD,AP1,2000,-0.2857142857142857,-0.28571428571428603
ecological,air pollution,interhemAOD,AP1,2001,-0.2857142857142857,-0.28571428571428603
ecological,air pollution,interhemAOD,AP1,2002,-0.2857142857142857,-0.28571428571428603
ecological,air pollution,interhemAOD,AP1,2003,-0.2857142857142857,-0.28571428571428603
ecological,air pollution,interhemAOD,AP1,2004,-0.2857142857142857,-0.28571428571428603
ecological,air pollution,interhemAOD,AP1,2005,-0.2857142857142857,-0.28571428571428603
ecological,air pollution,interhemAOD,AP1,2006,-0.2857142857142857,-0.28571428571428603
ecological,air pollution,interhemAOD,AP1,2007,-0.2857142857142857,-0.28571428571428603
ecological,air pollution,interhemAOD,AP1,2008,-0.2857142857142857,-0.28571428571428603
ecological,air pollution,interhemAOD,AP1,2009,-0.2857142857142857,-0.28571428571428603
ecological,air pollution,interhemAOD,AP1,2010,-0.2857142857142857,-0.2857142857142859
ecological,air pollution,interhemAOD,AP1,2011,-0.2857142857142857,-0.2857142857142859
ecological,air pollution,interhemAOD,AP1,2012,-0.2857142857142857,-0.2857142857142859
ecological,air pollution,interhemAOD,AP1,2013,-0.2857142857142857,-0.2857142857142859
ecological,air pollution,interhemAOD,AP1,2014,-0.2857142857142857,-0.2857142857142859
ecological,air pollution,interhemAOD,AP1,2015,-0.2857142857142857,-0.2857142857142859
ecological,air pollution,interhemAOD,AP1,2016,-0.2857142857142857,-0.2857142857142859
ecological,air pollution,interhemAOD,AP1,2017,-0.2857142857142857,-0.2857142857142859
ecological,air pollution,interhemAOD,AP1,2018,-0.2857142857142857,-0.2857142857142859
ecological,air pollution,interhemAOD,AP1,2019,-0.2857142857142857,-0.2857142857142859
ecological,air pollution,interhemAOD,AP1,2020,-0.2857142857142857,-0.2857142857142859
ecological,air pollution,interhemAOD,AP1,2021,-0.2857142857142857,-0.2857142857142859
ecological,air pollution,interhemAOD,AP1,2022,-0.2857142857142857,-0.2857142857142859
ecological,ozone depletion,totalOzone,OD1,2000,-0.592827933175215,-0.5232952813655277
ecological,ozone depletion,totalOzone,OD1,2001,-0.6321367536272489,-0.5227841623965912
ecological,ozone depletion,totalOzone,OD1,2002,-0.31558009556364497,-0.5222730434276546
ecological,ozone depletion,totalOzone,OD1,2003,-0.7271575927734282,-0.5217619244587179
ecological,ozone depletion,totalOzone,OD1,2004,-0.2521602085658563,-0.5212508054897813
ecological,ozone depletion,totalOzone,OD1,2005,-0.6374664306640714,-0.5207396865208448
ecological,ozone depletion,totalOzone,OD1,2006,-0.21266065325057326,-0.5202285675519083
ecological,ozone depletion,totalOzone,OD1,2007,-0.6997767857142864,-0.5197174485829716
ecological,ozone depletion,totalOzone,OD1,2008,-0.2934472220284643,-0.519206329614035
ecological,ozone depletion,totalOzone,OD1,2009,-0.5739408220563571,-0.5186952106450984
ecological,ozone depletion,totalOzone,OD1,2010,-0.6910422188895,-0.5181840916761619
ecological,ozone depletion,totalOzone,OD1,2011,-0.6724526541573954,-0.5176729727072253
ecological,ozone depletion,totalOzone,OD1,2012,-0.670209612165179,-0.5171618537382887
ecological,ozone depletion,totalOzone,OD1,2013,-0.26446860177178755,-0.5166507347693521
ecological,ozone depletion,totalOzone,OD1,2014,-0.679893493652359,-0.5161396158004155
ecological,ozone depletion,totalOzone,OD1,2015,-0.6691785539899632,-0.5156284968314789
ecological,ozone depletion,totalOzone,OD1,2016,-0.227048601422998,-0.5151173778625424
ecological,ozone depletion,totalOzone,OD1,2017,-0.5533196585518942,-0.5146062588936058
ecological,ozone depletion,totalOzone,OD1,2018,-0.7371989658900744,-0.5140951399246692
ecological,ozone depletion,totalOzone,OD1,2019,-0.25413186209542793,-0.5135840209557325
ecological,ozone depletion,totalOzone,OD1,2020,-0.42569732666017945,-0.513072901986796
ecological,ozone depletion,totalOzone,OD1,2021,-0.6126316615513553,-0.5125617830178595
social,food,undernourishment,NU1,2000,0.130858054348731,0.12626745772009262
social,food,undernourishment,NU1,2001,0.13140673527052316,0.12383796814996657
social,food,undernourishment,NU1,2002,0.13177027300904032,0.12140847857984054
social,food,undernourishment,NU1,2003,0.13119044427040993,0.11897898900971449
social,food,undernourishment,NU1,2004,0.12793241548738987,0.11654949943958844
social,food,undernourishment,NU1,2005,0.12238760608595656,0.11412000986946239
social,food,undernourishment,NU1,2006,0.1135521148930233,0.11169052029933635
social,food,undernourishment,NU1,2007,0.10438515336918652,0.1092610307292103
social,food,undernourishment,NU1,2008,0.09775835643125919,0.10683154115908425
social,food,undernourishment,NU1,2009,0.092899866117098,0.10440205158895821
social,food,undernourishment,NU1,2010,0.08930578654318677,0.10197256201883216
social,food,undernourishment,NU1,2011,0.08653259996793405,0.09954307244870611
social,food,undernourishment,NU1,2012,0.08418606575577803,0.09711358287858007
social,food,undernourishment,NU1,2013,0.08193773029696982,0.09468409330845402
social,food,undernourishment,NU1,2014,0.08123979505840839,0.09225460373832797
social,food,undernourishment,NU1,2015,0.08101729265583235,0.08982511416820194
social,food,undernourishment,NU1,2016,0.08029360608424718,0.08739562459807589
social,food,undernourishment,NU1,2017,0.078941385202416,0.08496613502794984
social,food,undernourishment,NU1,2018,0.07881450221474995,0.0825366454578238
social,food,undernourishment,NU1,2019,0.0833396586294024,0.08010715588769775
social,food,undernourishment,NU1,2020,0.08913534724885996,0.0776776663175717
social,food,undernourishment,NU1,2021,0.09441514698158482,0.07524817674744566
social,food,undernourishment,NU1,2022,0.09619073039825321,0.07281868717731961
social,food,foodInsecurity,NU2,2015,0.22241140536371728,0.2173888842964772
social,food,foodInsecurity,NU2,2016,0.2313756361307009,0.22807196611577582
social,food,foodInsecurity,NU2,2017,0.23776079272492723,0.23875504793507443
social,food,foodInsecurity,NU2,2018,0.24019190923060874,0.24943812975437307
social,food,foodInsecurity,NU2,2019,0.25343181013552196,0.2601212115736717
social,food,foodInsecurity,NU2,2020,0.2707015213566699,0.2708042933929703
social,food,foodInsecurity,NU2,2021,0.2887376141848822,0.28148737521226896
social,food,foodInsecurity,NU2,2022,0.2936266761851509,0.2921704570315675
social,health,under5death,HE1,2000,0.7539809756394527,0.6791528380644347
social,health,under5death,HE1,2001,0.7489198026870152,0.6647109218030216
social,health,under5death,HE1,2002,0.7502519549890566,0.6502690055416084
social,health,under5death,HE1,2003,0.732704568322589,0.6358270892801953
social,health,under5death,HE1,2004,0.7344222831326315,0.6213851730187822
social,health,under5death,HE1,2005,0.500908631548288,0.606943256757369
social,health,under5death,HE1,2006,0.46506345716259556,0.5925013404959558
social,health,under5death,HE1,2007,0.4667916610820736,0.5780594242345427
social,health,under5death,HE1,2008,0.46755163377305275,0.5636175079731296
social,health,under5death,HE1,2009,0.469379870192718,0.5491755917117165
social,health,under5death,HE1,2010,0.4708784129850495,0.5347336754503033
social,health,under5death,HE1,2011,0.4732556265379759,0.5202917591888901
social,health,under5death,HE1,2012,0.47841240091902126,0.5058498429274769
social,health,under5death,HE1,2013,0.4759147223894691,0.4914079266660638
social,health,under5death,HE1,2014,0.46045657291474495,0.4769660104046507
social,health,under5death,HE1,2015,0.4627062686894131,0.4625240941432376
social,health,under5death,HE1,2016,0.45833383047150256,0.4480821778818244
social,health,under5death,HE1,2017,0.4607483160598028,0.43364026162041125
social,health,under5death,HE1,2018,0.42827960630796735,0.41919834535899814
social,health,under5death,HE1,2019,0.42898325404036186,0.40475642909758497
social,health,under5death,HE1,2020,0.42938348269572857,0.39031451283617186
social,health,under5death,HE1,2021,0.42322632561465756,0.3758725965747587
social,health,under5death,HE1,2022,0.42615680318930416,0.3614306803133456
social,health,UHCindex,HE2,2000,0.7905272724376841,0.8062655764603478
social,health,UHCindex,HE2,2001,0.7917547648836201,0.7786871625602808
social,health,UHCindex,HE2,2002,0.7910786593567984,0.7511087486602138
social,health,UHCindex,HE2,2003,0.7788501083554313,0.7235303347601469
social,health,UHCindex,HE2,2004,0.7445193790218205,0.69595192086008
social,health,UHCindex,HE2,2005,0.738919063790682,0.668373506960013
social,health,UHCindex,HE2,2006,0.7204726189268662,0.640795093059946
social,health,UHCindex,HE2,2007,0.5146573704097537,0.613216679159879
social,health,UHCindex,HE2,2008,0.4878392099520096,0.585638265259812
social,health,UHCindex,HE2,2009,0.46820742552839534,0.558059851359745
social,health,UHCindex,HE2,2010,0.47039466572214006,0.530481437459678
social,health,UHCindex,HE2,2011,0.457950479994642,0.502903023559611
social,health,UHCindex,HE2,2012,0.4544945483309478,0.47532460965954415
social,health,UHCindex,HE2,2013,0.4455795205951899,0.44774619575947716
social,health,UHCindex,HE2,2014,0.44732009108730075,0.42016778185941017
social,health,UHCindex,HE2,2015,0.43878372534812304,0.39258936795934324
social,health,UHCindex,HE2,2016,0.44348260267771455,0.36501095405927625
social,health,UHCindex,HE2,2017,0.24963895677084136,0.33743254015920926
social,health,UHCindex,HE2,2018,0.25438883238431165,0.3098541262591423
social,health,UHCindex,HE2,2019,0.24776366994376997,0.28227571235907534
social,health,UHCindex,HE2,2020,0.27200485932790397,0.25469729845900835
social,health,UHCindex,HE2,2021,0.27745798701425517,0.22711888455894136
social,health,UHCindex,HE2,2022,0.2806837300108507,0.19954047065887437
social,education,adultLiteracy,ED1,2000,0.23134617173360938,0.23919607830881573
social,education,adultLiteracy,ED1,2001,0.23151646232871503,0.23549934945648823
social,education,adultLiteracy,ED1,2002,0.2308150335333332,0.23180262060416074
social,education,adultLiteracy,ED1,2003,0.22961857041389422,0.2281058917518332
social,education,adultLiteracy,ED1,2004,0.22702262341745216,0.22440916289950572
social,education,adultLiteracy,ED1,2005,0.22445086451887675,0.22071243404717822
social,education,adultLiteracy,ED1,2006,0.21981229804354152,0.21701570519485072
social,education,adultLiteracy,ED1,2007,0.21841448700812283,0.2133189763425232
social,education,adultLiteracy,ED1,2008,0.21428149300897092,0.2096222474901957
social,education,adultLiteracy,ED1,2009,0.2086272771787412,0.2059255186378682
social,education,adultLiteracy,ED1,2010,0.20283664762077902,0.2022287897855407
social,education,adultLiteracy,ED1,2011,0.19711957072158715,0.19853206093321318
social,education,adultLiteracy,ED1,2012,0.19326433080118666,0.1948353320808857
social,education,adultLiteracy,ED1,2013,0.19038129474595133,0.1911386032285582
social,education,adultLiteracy,ED1,2014,0.18649380341369426,0.1874418743762307
social,education,adultLiteracy,ED1,2015,0.18294594151919175,0.1837451455239032
social,education,adultLiteracy,ED1,2016,0.17821186534746825,0.18004841667157567
social,education,adultLiteracy,ED1,2017,0.17397868542098782,0.17635168781924818
social,education,adultLiteracy,ED1,2018,0.1704952974826177,0.17265495896692068
social,education,adultLiteracy,ED1,2019,0.16632885909722428,0.16895823011459316
social,education,adultLiteracy,ED1,2020,0.16390907342681005,0.1652615012622657
social,education,adultLiteracy,ED1,2021,0.16285196016087355,0.16156477240993816
social,education,adultLiteracy,ED1,2022,0.1615147905202745,0.15786804355761067
social,education,secondarySchool,ED2,2000,0.6086976704747948,0.6359475490630812
social,education,secondarySchool,ED2,2001,0.6048167260556626,0.6231663414444991
social,education,secondarySchool,ED2,2002,0.5997069946731004,0.610385133825917
social,education,secondarySchool,ED2,2003,0.5960638553026911,0.5976039262073349
social,education,secondarySchool,ED2,2004,0.5910078082728987,0.5848227185887528
social,education,secondarySchool,ED2,2005,0.5858194047314202,0.5720415109701708
social,education,secondarySchool,ED2,2006,0.5752751070262503,0.5592603033515886
social,education,secondarySchool,ED2,2007,0.5670962718233485,0.5464790957330066
social,education,secondarySchool,ED2,2008,0.5490218647470952,0.5336978881144245
social,education,secondarySchool,ED2,2009,0.5352698578063992,0.5209166804958424
social,education,secondarySchool,ED2,2010,0.5232468078785605,0.5081354728772604
social,education,secondarySchool,ED2,2011,0.4996964898008468,0.49535426525867826
social,education,secondarySchool,ED2,2012,0.4830625443540897,0.48257305764009617
social,education,secondarySchool,ED2,2013,0.46620731790322556,0.46979185002151413
social,education,secondarySchool,ED2,2014,0.4528696333679786,0.457010642402932
social,education,secondarySchool,ED2,2015,0.4325669278226296,0.44422943478434995
social,education,secondarySchool,ED2,2016,0.4337207396079472,0.43144822716576786
social,education,secondarySchool,ED2,2017,0.40574811161575286,0.41866701954718577
social,education,secondarySchool,ED2,2018,0.38697439338994133,0.40588581192860373
social,education,secondarySchool,ED2,2019,0.3804383645608016,0.3931046043100216
social,education,secondarySchool,ED2,2020,0.37457818790570774,0.38032339669143955
social,education,secondarySchool,ED2,2021,0.3721536140597729,0.36754218907285746
social,education,secondarySchool,ED2,2022,0.3691094077686816,0.35476098145427537
social,income and work,societalPoverty,IW1,2000,0.8491608777305613,0.8559900682811166
social,income and work,societalPoverty,IW1,2001,0.8458145785980076,0.8498843205251877
social,income and work,societalPoverty,IW1,2002,0.8421768724659651,0.8437785727692588
social,income and work,societalPoverty,IW1,2003,0.8388299294599336,0.83767282501333
social,income and work,societalPoverty,IW1,2004,0.83299255881497,0.831567077257401
social,income and work,societalPoverty,IW1,2005,0.8284213662578869,0.8254613295014721
social,income and work,societalPoverty,IW1,2006,0.8220622644969304,0.8193555817455432
social,income and work,societalPoverty,IW1,2007,0.8146675259103882,0.8132498339896144
social,income and work,societalPoverty,IW1,2008,0.8082300411158885,0.8071440862336855
social,income and work,societalPoverty,IW1,2009,0.8042028349275427,0.8010383384777566
social,income and work,societalPoverty,IW1,2010,0.7981551373318119,0.7949325907218276
social,income and work,societalPoverty,IW1,2011,0.7931551655949569,0.7888268429658988
social,income and work,societalPoverty,IW1,2012,0.7858608068943933,0.7827210952099699
social,income and work,societalPoverty,IW1,2013,0.7771354292387895,0.776615347454041
social,income and work,societalPoverty,IW1,2014,0.770336670989559,0.7705095996981122
social,income and work,societalPoverty,IW1,2015,0.7640765660580802,0.7644038519421833
social,income and work,societalPoverty,IW1,2016,0.7564092754967889,0.7582981041862544
social,income and work,societalPoverty,IW1,2017,0.7470757922752238,0.7521923564303254
social,income and work,societalPoverty,IW1,2018,0.7395985409084032,0.7460866086743966
social,income and work,societalPoverty,IW1,2019,0.7343638883965224,0.7399808609184677
social,income and work,societalPoverty,IW1,2020,0.7402589505355965,0.7338751131625388
social,income and work,societalPoverty,IW1,2021,0.7248975181496409,0.72776936540661
social,income and work,societalPoverty,IW1,2022,0.7251347965678372,0.721663617650681
social,income and work,youthNEET,IW2,2005,0.24969113864509151,0.236203062535952
social,income and work,youthNEET,IW2,2006,0.24119906897244447,0.2348818915195677
social,income and work,youthNEET,IW2,2007,0.2354177375833243,0.2335607205031834
social,income and work,youthNEET,IW2,2008,0.22987336040684003,0.23223954948679912
social,income and work,youthNEET,IW2,2009,0.2288261418991121,0.2309183784704148
social,income and work,youthNEET,IW2,2010,0.22470180860532352,0.2295972074540305
social,income and work,youthNEET,IW2,2011,0.2195171060330725,0.2282760364376462
social,income and work,youthNEET,IW2,2012,0.21829306598606135,0.22695486542126192
social,income and work,youthNEET,IW2,2013,0.21675702195784297,0.22563369440487763
social,income and work,youthNEET,IW2,2014,0.21743664461572465,0.22431252338849333
social,income and work,youthNEET,IW2,2015,0.21914756714868477,0.22299135237210904
social,income and work,youthNEET,IW2,2016,0.2238335097500207,0.22167018135572475
social,income and work,youthNEET,IW2,2017,0.22368349724869074,0.22034901033934046
social,income and work,youthNEET,IW2,2018,0.22412713366812598,0.21902783932295616
social,income and work,youthNEET,IW2,2019,0.2255358508308848,0.21770666830657187
social,income and work,youthNEET,IW2,2020,0.23150606429929366,0.21638549729018758
social,income and work,youthNEET,IW2,2021,0.21689898938851104,0.21506432627380329
social,income and work,youthNEET,IW2,2022,0.20307025310128812,0.213743155257419
social,water,drinkingH2O,WA1,2000,0.3931293234206692,0.3962209484175372
social,water,drinkingH2O,WA1,2001,0.393193719791296,0.39476261659808287
social,water,drinkingH2O,WA1,2002,0.3929297203355724,0.39330428477862855
social,water,drinkingH2O,WA1,2003,0.39262542710890036,0.39184595295917424
social,water,drinkingH2O,WA1,2004,0.391550806993221,0.39038762113971986
social,water,drinkingH2O,WA1,2005,0.39040293045054786,0.38892928932026555
social,water,drinkingH2O,WA1,2006,0.38916581329542954,0.38747095750081123
social,water,drinkingH2O,WA1,2007,0.38768089138187056,0.3860126256813569
social,water,drinkingH2O,WA1,2008,0.38601021252184087,0.3845542938619026
social,water,drinkingH2O,WA1,2009,0.3841875114668829,0.3830959620424483
social,water,drinkingH2O,WA1,2010,0.38233938661250055,0.38163763022299396
social,water,drinkingH2O,WA1,2011,0.3804819924861258,0.38017929840353964
social,water,drinkingH2O,WA1,2012,0.37833291702853367,0.3787209665840853
social,water,drinkingH2O,WA1,2013,0.3764947896792118,0.37726263476463096
social,water,drinkingH2O,WA1,2014,0.37475779237529205,0.37580430294517664
social,water,drinkingH2O,WA1,2015,0.37298038143918066,0.3743459711257223
social,water,drinkingH2O,WA1,2016,0.3714883031682654,0.372887639306268
social,water,drinkingH2O,WA1,2017,0.3700568922002557,0.3714293074868137
social,water,drinkingH2O,WA1,2018,0.3687285355829445,0.36997097566735937
social,water,drinkingH2O,WA1,2019,0.3676082761424928,0.36851264384790505
social,water,drinkingH2O,WA1,2020,0.3669581567943532,0.3670543120284507
social,water,drinkingH2O,WA1,2021,0.3666407858322589,0.36559598020899636
social,water,drinkingH2O,WA1,2022,0.36637929717376505,0.36413764838954205
social,water,sanitation,WA2,2000,0.6631017376532744,0.6806147821624967
social,water,sanitation,WA2,2001,0.659243617552961,0.6681928439277959
social,water,sanitation,WA2,2002,0.6541882707697982,0.6557709056930952
social,water,sanitation,WA2,2003,0.6456546809164163,0.6433489674583943
social,water,sanitation,WA2,2004,0.6344109894462278,0.6309270292236935
social,water,sanitation,WA2,2005,0.6233425516598345,0.6185050909889926
social,water,sanitation,WA2,2006,0.6118298972131089,0.6060831527542919
social,water,sanitation,WA2,2007,0.5997419944789009,0.5936612145195911
social,water,sanitation,WA2,2008,0.5873269265611347,0.5812392762848902
social,water,sanitation,WA2,2009,0.574560574064569,0.5688173380501895
social,water,sanitation,WA2,2010,0.561659322465892,0.5563953998154887
social,water,sanitation,WA2,2011,0.5485842194364376,0.5439734615807879
social,water,sanitation,WA2,2012,0.5351649113474723,0.531551523346087
social,water,sanitation,WA2,2013,0.5215251796181699,0.5191295851113863
social,water,sanitation,WA2,2014,0.5075197457361438,0.5067076468766855
social,water,sanitation,WA2,2015,0.4933229860483743,0.4942857086419847
social,water,sanitation,WA2,2016,0.4790124352051116,0.4818637704072839
social,water,sanitation,WA2,2017,0.46479761936236663,0.46944183217258306
social,water,sanitation,WA2,2018,0.450666872465756,0.4570198939378822
social,water,sanitation,WA2,2019,0.4367451801792409,0.4445979557031815
social,water,sanitation,WA2,2020,0.4278253447767987,0.43217601746848067
social,water,sanitation,WA2,2021,0.41948551847224114,0.41975407923377983
social,water,sanitation,WA2,2022,0.41167904092789076,0.40733214099907905
social,energy,energyAccess,EN1,2000,0.2171216676174038,0.22228745259097665
social,energy,energyAccess,EN1,2001,0.2121879744902998,0.21583942120960617
social,energy,energyAccess,EN1,2002,0.20825411979576447,0.20939138982823569
social,energy,energyAccess,EN1,2003,0.19969591132341113,0.20294335844686517
social,energy,energyAccess,EN1,2004,0.19981507105774354,0.1964953270654947
social,energy,energyAccess,EN1,2005,0.19229182276804646,0.1900472956841242
social,energy,energyAccess,EN1,2006,0.1858172460581835,0.18359926430275372
social,energy,energyAccess,EN1,2007,0.1781224476712583,0.17715123292138324
social,energy,energyAccess,EN1,2008,0.17212627308641404,0.17070320154001273
social,energy,energyAccess,EN1,2009,0.16803206356375722,0.16425517015864224
social,energy,energyAccess,EN1,2010,0.16223395738771385,0.15780713877727176
social,energy,energyAccess,EN1,2011,0.15170371392676374,0.15135910739590125
social,energy,energyAccess,EN1,2012,0.14748080165853328,0.1449110760145308
social,energy,energyAccess,EN1,2013,0.13988920572486352,0.13846304463316028
social,energy,energyAccess,EN1,2014,0.1350804227325696,0.1320150132517898
social,energy,energyAccess,EN1,2015,0.12791876673710534,0.12556698187041931
social,energy,energyAccess,EN1,2016,0.1162971877927167,0.11911895048904882
social,energy,energyAccess,EN1,2017,0.10809917269054026,0.11267091910767833
social,energy,energyAccess,EN1,2018,0.09944689819519836,0.10622288772630784
social,energy,energyAccess,EN1,2019,0.09644546314785163,0.09977485634493735
social,energy,energyAccess,EN1,2020,0.09368784068942004,0.09332682496356687
social,energy,energyAccess,EN1,2021,0.08439088574747222,0.08687879358219636
social,energy,energyAccess,EN1,2022,0.08512055624269643,0.08043076220082587
social,energy,energyIndoor,EN2,2000,0.5048680350729653,0.527931254910244
social,energy,energyIndoor,EN2,2001,0.4996021951394507,0.5163302964963234
social,energy,energyIndoor,EN2,2002,0.4933688370577439,0.504729338082403
social,energy,energyIndoor,EN2,2003,0.4874044990745773,0.49312837966848244
social,energy,energyIndoor,EN2,2004,0.4803158406914517,0.481527421254562
social,energy,energyIndoor,EN2,2005,0.47417953118438316,0.4699264628406415
social,energy,energyIndoor,EN2,2006,0.46590134951629314,0.458325504426721
social,energy,energyIndoor,EN2,2007,0.45700003160061897,0.4467245460128005
social,energy,energyIndoor,EN2,2008,0.4473234742951816,0.43512358759888004
social,energy,energyIndoor,EN2,2009,0.4364813347316807,0.42352262918495953
social,energy,energyIndoor,EN2,2010,0.4252656509338171,0.41192167077103903
social,energy,energyIndoor,EN2,2011,0.41320567209761094,0.4003207123571185
social,energy,energyIndoor,EN2,2012,0.400682373913421,0.388719753943198
social,energy,energyIndoor,EN2,2013,0.3866493008201438,0.3771187955292775
social,energy,energyIndoor,EN2,2014,0.37323891561257627,0.365517837115357
social,energy,energyIndoor,EN2,2015,0.35920283479993353,0.35391687870143657
social,energy,energyIndoor,EN2,2016,0.34395025059088336,0.34231592028751606
social,energy,energyIndoor,EN2,2017,0.3294149776330937,0.33071496187359556
social,energy,energyIndoor,EN2,2018,0.31380470212666944,0.3191140034596751
social,energy,energyIndoor,EN2,2019,0.2994034485974537,0.3075130450457546
social,energy,energyIndoor,EN2,2020,0.2849514821472038,0.2959120866318341
social,energy,energyIndoor,EN2,2021,0.2720024980385882,0.2843111282179136
social,energy,energyIndoor,EN2,2022,0.2591591485379853,0.2727101698039931
social,connectivity,publicTrans,CO1,2020,0.5270890540313151,0.5270890540313151
social,connectivity,internet,CO2,2000,0.9352499781687039,0.9672698982720687
social,connectivity,internet,CO2,2001,0.9199997741945565,0.9412317328331974
social,connectivity,internet,CO2,2002,0.8942391265779273,0.915193567394326
social,connectivity,internet,CO2,2003,0.8776877966088784,0.8891554019554547
social,connectivity,internet,CO2,2004,0.8589351277271666,0.8631172365165835
social,connectivity,internet,CO2,2005,0.8444443853593782,0.8370790710777121
social,connectivity,internet,CO2,2006,0.8277960972853488,0.8110409056388408
social,connectivity,internet,CO2,2007,0.7973093600109722,0.7850027401999695
social,connectivity,internet,CO2,2008,0.7718830822378132,0.7589645747610982
social,connectivity,internet,CO2,2009,0.7464592668550112,0.7329264093222269
social,connectivity,internet,CO2,2010,0.7145933651231131,0.7068882438833556
social,connectivity,internet,CO2,2011,0.6899663322396558,0.6808500784444842
social,connectivity,internet,CO2,2012,0.6651492899124398,0.6548119130056129
social,connectivity,internet,CO2,2013,0.6452402243292588,0.6287737475667416
social,connectivity,internet,CO2,2014,0.6234051036926429,0.6027355821278704
social,connectivity,internet,CO2,2015,0.5994768027124695,0.5766974166889991
social,connectivity,internet,CO2,2016,0.569166223706624,0.5506592512501277
social,connectivity,internet,CO2,2017,0.5458029597669067,0.5246210858112563
social,connectivity,internet,CO2,2018,0.5154707569290379,0.4985829203723851
social,connectivity,internet,CO2,2019,0.4690677913729161,0.4725447549335138
social,connectivity,internet,CO2,2020,0.40820186040247275,0.4465065894946425
social,connectivity,internet,CO2,2021,0.38176373185099677,0.4204684240557711
social,connectivity,internet,CO2,2022,0.35824336715885496,0.39443025861689984
social,housing,urbanSlums,HO1,2000,0.39710380300309844,0.39935578861237536
social,housing,urbanSlums,HO1,2001,0.3959871792495465,0.39542244516648983
social,housing,urbanSlums,HO1,2002,0.39485235418232145,0.3914891017206043
social,housing,urbanSlums,HO1,2003,0.3906343504028147,0.3875557582747188
social,housing,urbanSlums,HO1,2004,0.38631918515720076,0.38362241482883325
social,housing,urbanSlums,HO1,2005,0.3819483701995875,0.3796890713829477
social,housing,urbanSlums,HO1,2006,0.37745606955077005,0.3757557279370622
social,housing,urbanSlums,HO1,2007,0.3725175131246524,0.37182238449117666
social,housing,urbanSlums,HO1,2008,0.36858507756748937,0.36788904104529113
social,housing,urbanSlums,HO1,2009,0.36366215454965256,0.3639556975994056
social,housing,urbanSlums,HO1,2010,0.35874563028770123,0.3600223541535201
social,housing,urbanSlums,HO1,2011,0.3537322774424274,0.35608901070763455
social,housing,urbanSlums,HO1,2012,0.34863226220035015,0.352155667261749
social,housing,urbanSlums,HO1,2013,0.3442244140251458,0.3482223238158635
social,housing,urbanSlums,HO1,2014,0.33973737395926407,0.34428898036997796
social,housing,urbanSlums,HO1,2015,0.3357837417185052,0.34035563692409243
social,housing,urbanSlums,HO1,2016,0.3317932725589232,0.3364222934782069
social,housing,urbanSlums,HO1,2017,0.3291703168645056,0.3324889500323214
social,housing,urbanSlums,HO1,2018,0.3265256806488117,0.32855560658643584
social,housing,urbanSlums,HO1,2019,0.32532522472525927,0.3246222631405503
social,housing,urbanSlums,HO1,2020,0.3242132680030235,0.3206889196946648
social,housing,urbanSlums,HO1,2021,0.3223762739583558,0.31675557624877926
social,housing,urbanSlums,HO1,2022,0.3207214528961856,0.31282223280289373
social,equality,genderGapIndex,EQ1,2000,0.4569068924920415,0.4609124125517281
social,equality,genderGapIndex,EQ1,2001,0.45379509753947955,0.4556374018229189
social,equality,genderGapIndex,EQ1,2002,0.4515420986168963,0.45036239109410975
social,equality,genderGapIndex,EQ1,2003,0.44370738964056056,0.44508738036530054
social,equality,genderGapIndex,EQ1,2004,0.4410447289305973,0.43981236963649134
social,equality,genderGapIndex,EQ1,2005,0.43465972840774625,0.4345373589076822
social,equality,genderGapIndex,EQ1,2006,0.42829789491993897,0.429262348178873
social,equality,genderGapIndex,EQ1,2007,0.4220452923490834,0.4239873374500638
social,equality,genderGapIndex,EQ1,2008,0.4228341208718599,0.41871232672125464
social,equality,genderGapIndex,EQ1,2009,0.4155653474921599,0.41343731599244543
social,equality,genderGapIndex,EQ1,2010,0.4082961397431628,0.4081623052636363
social,equality,genderGapIndex,EQ1,2011,0.4059328262104134,0.4028872945348271
social,equality,genderGapIndex,EQ1,2012,0.4010390438940674,0.3976122838060179
social,equality,genderGapIndex,EQ1,2013,0.3947087230037093,0.39233727307720867
social,equality,genderGapIndex,EQ1,2014,0.39019340465627506,0.3870622623483995
social,equality,genderGapIndex,EQ1,2015,0.3809754466615287,0.3817872516195903
social,equality,genderGapIndex,EQ1,2016,0.3742460957910796,0.37651224089078117
social,equality,genderGapIndex,EQ1,2017,0.37038959716410014,0.37123723016197197
social,equality,genderGapIndex,EQ1,2018,0.3637566348420074,0.36596221943316276
social,equality,genderGapIndex,EQ1,2019,0.3562357993716375,0.36068720870435356
social,equality,genderGapIndex,EQ1,2020,0.3522239636846872,0.3554121979755444
social,equality,genderGapIndex,EQ1,2021,0.3508063984549995,0.3501371872467352
social,equality,genderGapIndex,EQ1,2022,0.3472051095629909,0.34486217651792606
social,social cohesion,socialSupport,SC1,2005,0.20469479993522288,0.2258189078357348
social,social cohesion,socialSupport,SC1,2006,0.20885365064945527,0.2265799269877712
social,social cohesion,socialSupport,SC1,2007,0.23907729402858957,0.2273409461398076
social,social cohesion,socialSupport,SC1,2008,0.24203065074118013,0.228101965291844
social,social cohesion,socialSupport,SC1,2009,0.22283838338777362,0.22886298444388042
social,social cohesion,socialSupport,SC1,2010,0.23005050964489882,0.2296240035959168
social,social cohesion,socialSupport,SC1,2011,0.24012291184430434,0.23038502274795322
social,social cohesion,socialSupport,SC1,2012,0.25172528547292383,0.23114604189998963
social,social cohesion,socialSupport,SC1,2013,0.24929010788117256,0.23190706105202602
social,social cohesion,socialSupport,SC1,2014,0.22406595716465016,0.23266808020406243
social,social cohesion,socialSupport,SC1,2015,0.23221970771978628,0.23342909935609885
social,social cohesion,socialSupport,SC1,2016,0.23615634044472544,0.23419011850813523
social,social cohesion,socialSupport,SC1,2017,0.2341371610047156,0.23495113766017164
social,social cohesion,socialSupport,SC1,2018,0.22360746297139977,0.23571215681220806
social,social cohesion,socialSupport,SC1,2019,0.2342092502408203,0.23647317596424444
social,social cohesion,socialSupport,SC1,2020,0.2347802961276707,0.23723419511628085
social,social cohesion,socialSupport,SC1,2021,0.24319738719568107,0.23799521426831727
social,social cohesion,socialSupport,SC1,2022,0.23011911484982683,0.23875623342035365
social,social cohesion,palma,SC2,2000,0.7133337934561692,0.7075903067305578
social,social cohesion,palma,SC2,2001,0.7186686992979197,0.7053900199863904
social,social cohesion,palma,SC2,2002,0.6969780509217904,0.7031897332422231
social,social cohesion,palma,SC2,2003,0.6944987649726055,0.7009894464980557
social,social cohesion,palma,SC2,2004,0.6762562904990954,0.6987891597538883
social,social cohesion,palma,SC2,2005,0.6814812014902072,0.696588873009721
social,social cohesion,palma,SC2,2006,0.678362875620246,0.6943885862655537
social,social cohesion,palma,SC2,2007,0.723777234514895,0.6921882995213863
social,social cohesion,palma,SC2,2008,0.6867555786907058,0.689988012777219
social,social cohesion,palma,SC2,2009,0.6765568621775421,0.6877877260330516
social,social cohesion,palma,SC2,2010,0.6774812077409813,0.6855874392888842
social,social cohesion,palma,SC2,2011,0.7015298640194156,0.6833871525447168
social,social cohesion,palma,SC2,2012,0.6993719951025239,0.6811868658005495
social,social cohesion,palma,SC2,2013,0.6981115958101942,0.6789865790563822
social,social cohesion,palma,SC2,2014,0.6832719717828974,0.6767862923122148
social,social cohesion,palma,SC2,2015,0.6926743302922092,0.6745860055680475
social,social cohesion,palma,SC2,2016,0.6583370180282402,0.6723857188238801
social,social cohesion,palma,SC2,2017,0.6589126693255406,0.6701854320797127
social,social cohesion,palma,SC2,2018,0.6593252293481443,0.6679851453355454
social,social cohesion,palma,SC2,2019,0.6601532488753785,0.665784858591378
social,social cohesion,palma,SC2,2020,0.6892366521521418,0.6635845718472106
social,social cohesion,palma,SC2,2021,0.646097772909761,0.6613842851030434
social,social cohesion,palma,SC2,2022,0.6467316014998856,0.659183998358876
social,political voice,govRegimes,PV1,2000,0.4663682434002212,0.4252738221075145
social,political voice,govRegimes,PV1,2001,0.4603006467388966,0.43558506335452984
social,political voice,govRegimes,PV1,2002,0.4853922447061678,0.44589630460154517
social,political voice,govRegimes,PV1,2003,0.47843051547869464,0.45620754584856055
social,political voice,govRegimes,PV1,2004,0.49098204253261146,0.46651878709557587
social,political voice,govRegimes,PV1,2005,0.49451882732259267,0.4768300283425912
social,political voice,govRegimes,PV1,2006,0.49585767277403847,0.4871412695896066
social,political voice,govRegimes,PV1,2007,0.5045851470723444,0.4974525108366219
social,political voice,govRegimes,PV1,2008,0.5034204247842139,0.5077637520836372
social,political voice,govRegimes,PV1,2009,0.5069099407074795,0.5180749933306525
social,political voice,govRegimes,PV1,2010,0.4976636637588945,0.5283862345776679
social,political voice,govRegimes,PV1,2011,0.49629011992481176,0.5386974758246832
social,political voice,govRegimes,PV1,2012,0.47867326505050434,0.5490087170716986
social,political voice,govRegimes,PV1,2013,0.4838847661412874,0.5593199583187138
social,political voice,govRegimes,PV1,2014,0.4801433125670015,0.5696311995657293
social,political voice,govRegimes,PV1,2015,0.48037916423802907,0.5799424408127446
social,political voice,govRegimes,PV1,2016,0.475063856755658,0.5902536820597599
social,political voice,govRegimes,PV1,2017,0.6610254127017574,0.6005649233067752
social,political voice,govRegimes,PV1,2018,0.6788491449842873,0.6108761645537906
social,political voice,govRegimes,PV1,2019,0.6789607363564871,0.621187405800806
social,political voice,govRegimes,PV1,2020,0.6771991885965605,0.6314986470478212
social,political voice,govRegimes,PV1,2021,0.707494789907045,0.6418098882948367
social,political voice,govRegimes,PV1,2022,0.7076488174681326,0.652121129541852
social,peace and justice,controlCorruption,PJ1,2005,0.7993827983595126,0.8219338526150416
social,peace and justice,controlCorruption,PJ1,2006,0.8005125172529529,0.8173861627129355
social,peace and justice,controlCorruption,PJ1,2007,0.8142652439043861,0.8128384728108294
social,peace and justice,controlCorruption,PJ1,2008,0.8258861759473042,0.8082907829087234
social,peace and justice,controlCorruption,PJ1,2009,0.8216417234868276,0.8037430930066172
social,peace and justice,controlCorruption,PJ1,2010,0.8050876076959149,0.7991954031045111
social,peace and justice,controlCorruption,PJ1,2011,0.8089666373912203,0.794647713202405
social,peace and justice,controlCorruption,PJ1,2012,0.7909398855964954,0.7901000233002989
social,peace and justice,controlCorruption,PJ1,2013,0.7928789563682088,0.7855523333981929
social,peace and justice,controlCorruption,PJ1,2014,0.7789981894642439,0.7810046434960868
social,peace and justice,controlCorruption,PJ1,2015,0.7677370622662854,0.7764569535939807
social,peace and justice,controlCorruption,PJ1,2016,0.7714970265148527,0.7719092636918745
social,peace and justice,controlCorruption,PJ1,2017,0.7539862471905622,0.7673615737897684
social,peace and justice,controlCorruption,PJ1,2018,0.7705378272955057,0.7628138838876624
social,peace and justice,controlCorruption,PJ1,2019,0.7456823478005976,0.7582661939855563
social,peace and justice,controlCorruption,PJ1,2020,0.7570267463378325,0.7537185040834502
social,peace and justice,controlCorruption,PJ1,2021,0.7462251558544022,0.749170814181344
social,peace and justice,controlCorruption,PJ1,2022,0.7477606433214086,0.7446231242792379
social,peace and justice,homicideOver5,PJ2,2000,0.284529011778062,0.2977001614348568
social,peace and justice,homicideOver5,PJ2,2001,0.28549872920288355,0.2924112292888322
social,peace and justice,homicideOver5,PJ2,2002,0.28643585285817097,0.28712229714280757
social,peace and justice,homicideOver5,PJ2,2003,0.28571525802488407,0.28183336499678296
social,peace and justice,homicideOver5,PJ2,2004,0.2853474226018331,0.27654443285075836
social,peace and justice,homicideOver5,PJ2,2005,0.2861694972048108,0.2712555007047338
social,peace and justice,homicideOver5,PJ2,2006,0.28136229613279884,0.2659665685587092
social,peace and justice,homicideOver5,PJ2,2007,0.29369028071547576,0.2606776364126846
social,peace and justice,homicideOver5,PJ2,2008,0.2796963726967501,0.25538870426666
social,peace and justice,homicideOver5,PJ2,2009,0.22141927632673986,0.2500997721206354
social,peace and justice,homicideOver5,PJ2,2010,0.21568045124859392,0.24481083997461078
social,peace and justice,homicideOver5,PJ2,2011,0.2126679806688162,0.2395219078285862
social,peace and justice,homicideOver5,PJ2,2012,0.22818266418368094,0.2342329756825616
social,peace and justice,homicideOver5,PJ2,2013,0.22854348547172376,0.228944043536537
social,peace and justice,homicideOver5,PJ2,2014,0.22879036859275315,0.22365511139051242
social,peace and justice,homicideOver5,PJ2,2015,0.18664019966023693,0.2183661792444878
social,peace and justice,homicideOver5,PJ2,2016,0.24009903555164913,0.2130772470984632
social,peace and justice,homicideOver5,PJ2,2017,0.24822779712596987,0.2077883149524386
social,peace and justice,homicideOver5,PJ2,2018,0.16807002327919496,0.202499382806414
social,peace and justice,homicideOver5,PJ2,2019,0.15361676805932245,0.19721045066038942
social,peace and justice,homicideOver5,PJ2,2020,0.2052634094282375,0.19192151851436481
social,peace and justice,homicideOver5,PJ2,2021,0.20811168734417096,0.1866325863683402
social,peace and justice,homicideOver5,PJ2,2022,0.19524601190072377,0.18134365422231563
